sido,sgg,sgg_code,evacuated_households,evacuated_people,returned_households,returned_people,remaining_households,remaining_people,evacuation_reason,as_of,report_no
부산광역시,동구,26170,5,9,5,9,0,0,주택 축대 붕괴 우려·만조 상승취약지 사전대피,2026. 8. 18. 09:30,8보
부산광역시,영도구,26200,2,3,0,0,2,3,주택 외벽 탈락,2026. 8. 18. 09:30,8보
부산광역시,사하구,26380,7,12,1,1,6,11,주택 축대 붕괴·주택침수·당장 붕괴 우려 등,2026. 8. 18. 09:30,8보
부산광역시,강서구,26440,1,1,0,0,1,1,산사태 우려,2026. 8. 18. 09:30,8보
경상남도,통영시,48220,24,38,12,22,12,16,주택 침수 우려 및 친인척·마을회관 등 대피,2026. 8. 18. 09:30,8보
경상남도,사천시,48240,28,41,28,41,0,0,산사태 우려 및 호우특보에 따른 일시대피,2026. 8. 18. 09:30,8보
경상남도,거제시,48310,250,460,125,243,125,217,주택 침수·하천재해·산사태 우려 및 임시주거시설 대피,2026. 8. 18. 09:30,8보
경상남도,남해군,48840,1,1,1,1,0,0,산사태 우려,2026. 8. 18. 09:30,8보
제주특별자치도,서귀포시,50130,2,3,0,0,2,3,주택 침수,2026. 8. 18. 09:30,8보
